{"cameraMode":{"drawMode":0,"name":"Shaded","section":"Shading Mode"},"sceneLighting":true,"audioPlay":false,"sceneViewState":{"m_AlwaysRefresh":false,"showFog":true,"showSkybox":true,"showFlares":true,"showImageEffects":true,"showParticleSystems":true,"showVisualEffectGraphs":true,"m_FxEnabled":true},"in2DMode":false,"pivot":{"x":3.918972969055176,"y":2.0264382362365724,"z":1.6227741241455079},"rotation":{"x":-0.14221210777759553,"y":-0.03948717564344406,"z":0.005678313318639994,"w":-0.9890390038490295},"size":8.64360237121582,"orthographic":false}